tidal,greatlakes,shefcode,details,sensors,floodlevels,datums,supersededdatums,harmonicConstituents,benchmarks,tidePredOffsets,ofsMapOffsets,state,timezone,timezonecorr,observedst,stormsurge,nearby,forecast,outlook,HTFhistorical,nonNavigational,id,name,lat,lng,affiliations,portscode,products,disclaimers,notices,self,expand,tideType
True,False,NWWH1,,,,,,,,,,HI,HAST,-10,False,False,,False,True,True,False,1611400,Nawiliwili,21.9544,-159.3561,NWLON,,,,,,,Mixed
True,False,OOUH1,,,,,,,,,,HI,HAST,-10,False,False,,False,True,True,False,1612340,Honolulu,21.303333,-157.864528,NWLON,,,,,,,Mixed
True,False,MOKH1,,,,,,,,,,HI,HAST,-10,False,False,,False,True,True,False,1612480,Mokuoloe,21.433056,-157.790000,NWLON,,,,,,,Mixed
True,False,KLIH1,,,,,,,,,,HI,HAST,-10,False,False,,False,True,True,False,1615680,,20.894944,-156.469000,NWLON,,,,,,,Mixed
True,False,KWHH1,,,,,,,,,,HI,HAST,-10,False,False,,False,True,True,False,1617433,Kawaihae,20.03660,-155.82940,NWLON,,,,,,,Mixed
True,False,ILOH1,,,,,,,,,,HI,HAST,-10,False,False,,False,True,True,False,1617760,,19.73028,-155.06,NWLON,,,,,,,Mixed
True,False,SNDP5,,,,,,,,,,United States of America,SST,-11,False,False,,False,True,True,False,1619910,,28.211667,-177.36,NWLON,,,,,,,Mixed
True,False,APRP7,,,,,,,,,,United States of America,ChST,10,False,False,,False,True,True,False,1630000,,13.44339,144.656361,NWLON,,,,,,,Mixed
True,False,PGBP7,,,,,,,,,,United States of America,ChST,10,False,False,,False,False,False,False,1631428,,13.428333,144.796944,,,,,,,,Mixed
True,False,NSTP6,,,,,,,,,,American Samoa,SST,-11,False,False,,False,True,True,False,1770000,,-14.276667,-170.689444,NWLON,,,,,,,Mixed
True,False,KWJP8,,,,,,,,,,United States of America,NZST,12,False,False,,False,True,True,False,1820000,,8.7317,167.736115,NWLON,,,,,,,Mixed
True,False,WAKP8,,,,,,,,,,United States of America,NZST,12,False,False,,False,True,True,False,1890000,,19.290556,166.6175,NWLON,,,,,,,Mixed
True,False,FRCB6,,,,,,,,,,,AST,-4,True,False,,False,False,False,False,2695535,Bermuda Biological Station,32.369999,-64.695000,,,,,,,,Mixed
True,False,BEPB6,,,,,,,,,,Bermuda,AST,-4,True,False,,False,False,False,False,2695540,,32.373306,-64.703306,Global,,,,,,,Mixed
False,True,OBGN6,,,,,,,,,,NY,EST,-5,True,False,,False,False,False,False,8311030,Ogdensburg,44.697944,-75.497722,NWLON,gl,,,,,,Great Lakes
False,True,ALXN6,,,,,,,,,,NY,EST,-5,True,False,,False,False,False,False,8311062,Alexandria Bay,44.331110,-75.934528,NWLON,gl,,,,,,Great Lakes
True,False,PSBM1,,,,,,,,,,ME,EST,-5,True,False,,True,False,True,False,8410140,Eastport,44.904598,-66.982903,NWLON,,,,,,,Mixed
True,False,CFWM1,,,,,,,,,,ME,EST,-5,True,False,,True,False,False,False,8411060,Cutler Farris Wharf,44.657028,-67.204666,NWLON,,,,,,,Mixed
True,False,ATGM1,,,,,,,,,,ME,EST,-5,True,False,,True,True,True,False,8413320,Bar Harbor,44.392194,-68.204278,NWLON,,,,,,,Mixed
True,False,CASM1,,,,,,,,,,ME,EST,-5,True,False,,True,True,True,False,8418150,Portland,43.65806,-70.24417,NWLON,,,,,,,Mixed
True,False,SEIM1,,,,,,,,,,ME,EST,-5,True,False,,True,False,False,False,8419870,Seavey Island,43.07972,-70.741,PORTS,,,,,,,Mixed
True,False,BHBM3,,,,,,,,,,MA,EST,-5,True,False,,True,True,True,False,8443970,Boston,42.3539,-71.05028,NWLON,,,,,,,Mixed
True,False,FRVM3,,,,,,,,,,MA,EST,-5,True,False,,False,False,True,False,8447386,Fall River,41.704300,-71.164101,,nb,,,,,,Mixed
True,False,CHTM3,,,,,,,,,,MA,EST,-5,True,False,,False,False,False,False,8447435,Chatham,41.688499,-69.95110,Hydro,,,,,,,Mixed
True,False,NBFM3,,,,,,,,,,MA,EST,-5,True,False,,False,False,False,False,8447636,New Bedford Harbor,41.621111,-70.913611,PORTS,,,,,,,Mixed
True,False,BZBM3,,,,,,,,,,MA,EST,-5,True,False,,True,True,True,False,8447930,Woods Hole,41.523613,-70.671112,NWLON,,,,,,,Mixed
True,False,NTKM3,,,,,,,,,,MA,EST,-5,True,False,,False,True,True,False,8449130,Nantucket Island,41.285278,-70.096390,NWLON,,,,,,,Mixed
True,False,NWPR1,,,,,,,,,,RI,EST,-5,True,False,,True,True,True,False,8452660,Newport,41.504333,-71.326139,NWLORTS,nb,,,,,,Mixed
True,False,CPTR1,,,,,,,,,,RI,EST,-5,True,False,,True,False,False,False,8452944,Conimicut Light,41.717111,-71.345167,PORTS,nb,,,,,,Mixed
True,False,FOXR1,,,,,,,,,,RI,EST,-5,True,False,,False,True,True,False,8454000,Providence,41.807167,-71.400667,NWLORTS,nb,,,,,,Mixed
True,False,QPTR1,,,,,,,,,,RI,EST,-5,True,False,,False,False,False,False,8454049,Quonset Point,41.58694,-71.41,PORTS,nb,,,,,,Mixed
True,False,NLHC3,,,,,,,,,,CT,EST,-5,True,False,,False,True,True,False,8461490,New London,41.371667,-72.095556,NWLON,nl,,,,,,Mixed
True,False,NWHC3,,,,,,,,,,CT,EST,-5,True,False,,False,False,True,False,8465705,New Haven,41.283333,-72.908333,PORTS,nh,,,,,,Mixed
True,False,BRHC3,,,,,,,,,,CT,EST,-5,True,False,,False,True,True,False,8467150,Bridgeport,41.175819,-73.183969,NWLON,,,,,,,Mixed
True,False,MTKN6,,,,,,,,,,NY,EST,-5,True,False,,False,True,True,False,8510560,Montauk,41.048333,-71.959444,NWLON,,,,,,,Mixed
True,False,KPTN6,,,,,,,,,,NY,EST,-5,True,False,,True,True,True,False,8516945,Kings Point,40.810299,-73.764900,NWLORTS,ny,,,,,,Mixed
True,False,BATN6,,,,,,,,,,NY,EST,-5,True,False,,True,True,True,False,8518750,The Battery,40.700556,-74.014167,NWLON,ny,,,,,,Mixed
True,False,TKPN6,,,,,,,,,,NY,EST,-5,True,False,,False,False,False,False,8518962,Turkey Point Hudson River NERRS,42.014167,-73.939167,,,,,,,,Mixed
True,False,BGNN6,,,,,,,,,,NY,EST,-5,True,False,,True,True,True,False,8519483,Bergen Point West Reach,40.6391,-74.146306,PORTS,ny,,,,,,Mixed
True,False,SDHN4,,,,,,,,,,NJ,EST,-5,True,False,,True,True,True,False,8531680,Sandy Hook,40.466900,-74.009399,NWLORTS,ny,,,,,,Mixed
True,False,ACYN4,,,,,,,,,,NJ,EST,-5,True,False,,True,True,True,False,8534720,Atlantic City,39.356667,-74.418053,NWLON,,,,,,,Mixed
True,False,CMAN4,,,,,,,,,,NJ,EST,-5,True,False,,True,True,True,False,8536110,Cape May,38.968300,-74.959999,NWLORTS,db,,,,,,Mixed
True,False,SJSN4,,,,,,,,,,NJ,EST,-5,True,False,,True,False,False,False,8537121,Ship John Shoal,39.305389,-75.376678,PORTS,db,,,,,,Mixed
True,False,BDRN4,,,,,,,,,,NJ,EST,-5,True,False,,True,False,False,False,8539094,,40.081699,-74.869698,PORTS,db,,,,,,Mixed
True,False,MRCP1,,,,,,,,,,PA,EST,-5,True,False,,True,False,True,False,8540433,Marcus Hook,39.811806,-75.409500,PORTS,db,,,,,,Mixed
True,False,PHBP1,,,,,,,,,,PA,EST,-5,True,False,,True,True,True,False,8545240,Philadelphia,39.933056,-75.141981,NWLORTS,db,,,,,,Mixed
True,False,BDSP1,,,,,,,,,,PA,EST,-5,True,False,,False,False,False,False,8546252,Bridesburg,39.979683,-75.079317,PORTS,,,,,,,Mixed
True,False,NBLP1,,,,,,,,,,PA,EST,-5,True,False,,True,False,False,False,8548989,Newbold,40.137333,-74.751833,PORTS,db,,,,,,Mixed
True,False,DELD1,,,,,,,,,,DE,EST,-5,True,False,,True,False,True,False,8551762,Delaware City,39.582194,-75.588972,PORTS,db,,,,,,Mixed
True,False,RDYD1,,,,,,,,,,DE,EST,-5,True,False,,True,True,True,False,8551910,Reedy Point,39.558333,-75.571944,NWLORTS,db,,,,,,Mixed
True,False,BRND1,,,,,,,,,,DE,EST,-5,True,False,,True,False,False,False,8555889,Brandywine Shoal Light,38.987,-75.113,PORTS,db,,,,,,Mixed
True,False,LWSD1,,,,,,,,,,DE,EST,-5,True,False,,True,True,True,False,8557380,Lewes,38.782833,-75.119278,NWLORTS,db,,,,,,Mixed
True,False,OCIM2,,,,,,,,,,MD,EST,-5,True,False,,False,False,True,False,8570283,Ocean City Inlet,38.328267,-75.091086,,,,,,,,Mixed
True,False,BISM2,,,,,,,,,,MD,EST,-5,True,False,,True,False,True,False,8571421,Bishops Head,38.22,-76.038333,NWLON,,,,,,,Mixed
True,False,CAMM2,,,,,,,,,,MD,EST,-5,True,False,,True,True,True,False,8571892,Cambridge,38.5725,-76.061667,NWLON,,,,,,,Mixed
True,False,TCBM2,,,,,,,,,,MD,EST,-5,True,False,,True,True,True,False,8573364,Tolchester Beach,39.213444,-76.244556,PORTS,cb,,,,,,Mixed
True,False,CHCM2,,,,,,,,,,MD,EST,-5,True,False,,True,False,True,False,8573927,Chesapeake City,39.526667,-75.81,PORTS,cb,,,,,,Mixed
True,False,BLTM2,,,,,,,,,,MD,EST,-5,True,False,,True,True,True,False,8574680,Baltimore,39.266944,-76.579444,NWLORTS,cb,,,,,,Mixed
True,False,APAM2,,,,,,,,,,MD,EST,-5,True,False,,True,True,True,False,8575512,Annapolis,38.98328,-76.4816,NWLORTS,cb,,,,,,Mixed
True,False,SLIM2,,,,,,,,,,MD,EST,-5,True,False,,True,True,True,False,8577330,Solomons Island,38.317222,-76.450833,NWLORTS,cb,,,,,,Mixed
True,False,WASD2,,,,,,,,,,DC,EST,-5,True,False,,False,True,True,False,8594900,Washington,38.873,-77.0217,NWLORTS,cb,,,,,,Mixed
True,False,WAHV2,,,,,,,,,,VA,EST,-5,True,False,,False,True,True,False,8631044,Wachapreague,37.607778,-75.685833,NWLON,,,,,,,Mixed
True,False,KPTV2,,,,,,,,,,VA,EST,-5,True,False,,True,True,True,False,8632200,Kiptopeke,37.165190,-75.988444,NWLORTS,cb,,,,,,Mixed
True,False,NCDV2,,,,,,,,,,VA,EST,-5,True,False,,False,False,False,False,8635027,Dahlgren,38.319753,-77.036597,NWLON,,,,,,,Mixed
True,False,LWTV2,,,,,,,,,,VA,EST,-5,True,False,,True,True,True,False,8635750,Lewisetta,37.996389,-76.465556,NWLORTS,cb,,,,,,Mixed
True,False,WNDV2,,,,,,,,,,VA,EST,-5,True,False,,True,True,True,False,8636580,Windmill Point,37.615500,-76.289778,PORTS,cb,,,,,,Mixed
True,False,YKTV2,,,,,,,,,,VA,EST,-5,True,False,,True,False,True,False,8637689,Yorktown USCG Training Center,37.2265,-76.478806,NWLORTS,cb,,,,,,Mixed
True,False,SWPV2,,,,,,,,,,VA,EST,-5,True,False,,True,True,True,False,8638610,Sewells Point,36.942778,-76.328611,NWLORTS,cb,,,,,,Mixed
True,False,CHBV2,,,,,,,,,,VA,EST,-5,True,False,,False,False,False,False,8638901,,37.032902,-76.083298,NWLON,,,,,,,Mixed
True,False,MNPV2,,,,,,,,,,VA,EST,-5,True,False,,False,False,True,False,8639348,Money Point,36.778194,-76.301861,PORTS,cb,,,,,,Mixed
True,False,DUKN7,,,,,,,,,,NC,EST,-5,True,False,,False,True,True,False,8651370,Duck,36.183300,-75.746696,NWLON,,,,,,,Mixed
True,False,ORIN7,,,,,,,,,,NC,EST,-5,True,False,,False,True,True,False,8652587,Oregon Inlet Marina,35.795694,-75.548194,,,,,,,,Mixed
True,False,HCGN7,,,,,,,,,,NC,EST,-5,True,False,,False,False,False,False,8654467,USCG Station Hatteras,35.208611,-75.704194,NWLON,,,,,,,Mixed
True,False,BFTN7,,,,,,,,,,NC,EST,-5,True,False,,False,True,True,False,8656483,,34.7175,-76.671111,NWLON,,,,,,,Mixed
True,False,WLON7,,,,,,,,,,NC,EST,-5,True,False,,False,True,True,False,8658120,Wilmington,34.2275,-77.953611,NWLON,,,,,,,Mixed
True,False,JMPN7,,,,,,,,,,NC,EST,-5,True,False,,False,False,True,False,8658163,Wrightsville Beach,34.213333,-77.786667,,,,,,,,Mixed
True,False,MROS1,,,,,,,,,,SC,EST,-5,True,False,,False,True,True,False,8661070,Springmaid Pier,33.655556,-78.916389,NWLON,,,,,,,Mixed
True,False,CHTS1,,,,,,,,,,SC,EST,-5,True,False,,False,True,True,False,8665530,Charleston,32.780833,-79.923611,NWLON,ch,,,,,,Mixed
True,False,FPKG1,,,,,,,,,,GA,EST,-5,True,False,,False,True,True,False,8670870,Fort Pulaski,32.034694,-80.903028,NWLON,,,,,,,Mixed
True,False,KBMG1,,,,,,,,,,GA,EST,-5,True,False,,False,False,False,False,8679598,Kings Bay MSF Pier,30.778056,-81.491389,PORTS,,,,,,,Mixed
True,False,FRDF1,,,,,,,,,,FL,EST,-5,True,False,,False,True,True,False,8720030,Fernandina Beach,30.671356,-81.465842,NWLON,,,,,,,Mixed
True,False,MYPF1,,,,,,,,,,FL,EST,-5,True,False,,True,True,True,False,8720218,Mayport (Bar Pilots Dock),30.398167,-81.427889,NWLON,jx,,,,,,Mixed
True,False,DMSF1,,,,,,,,,,FL,EST,-5,True,False,,True,False,False,False,8720219,Dames Point,30.387222,-81.559166,,jx,,,,,,Mixed
True,False,MSBF1,,,,,,,,,,FL,EST,-5,True,False,,True,False,False,False,8720226,,30.320499,-81.659058,,,,,,,,Mixed
True,False,BKBF1,,,,,,,,,,FL,EST,-5,True,False,,True,False,False,False,8720357,I-295 Buckman Bridge,30.192417,-81.69,,jx,,,,,,Mixed
True,False,TRDF1,,,,,,,,,,FL,EST,-5,True,False,,False,True,True,False,8721604,,28.415833,-80.593056,NWLON,,,,,,,Mixed
True,False,LKWF1,,,,,,,,,,FL,EST,-5,True,False,,False,False,True,False,8722670,,26.612778,-80.034167,NWLON,,,,,,,Mixed
True,False,PEGF1,,,,,,,,,,FL,EST,-5,True,False,,False,False,False,False,8722956,SOUTH PORT EVERGLADES,26.081667,-80.116667,PORTS,,,,,,,Mixed
True,False,VAKF1,,,,,,,,,,FL,EST,-5,True,False,,False,True,True,False,8723214,,25.731667,-80.161667,NWLON,,,,,,,Mixed
True,False,VCAF1,,,,,,,,,,FL,EST,-5,True,False,,False,True,True,False,8723970,,24.711000,-81.106500,NWLON,,,,,,,Diurnal
True,False,KYWF1,,,,,,,,,,FL,EST,-5,True,False,,False,True,True,False,8724580,Key West,24.550439,-81.809150,NWLON,,,,,,,Mixed
True,False,NPSF1,,,,,,,,,,FL,EST,-5,True,False,,False,True,True,False,8725110,,26.131667,-81.8075,NWLON,,,,,,,Mixed
True,False,FMRF1,,,,,,,,,,FL,EST,-5,True,False,,False,True,True,False,8725520,Fort Myers,26.648,-81.871,NWLON,,,,,,,Mixed
True,False,PMAF1,,,,,,,,,,FL,EST,-5,True,False,,True,False,True,False,8726384,Port Manatee,27.638333,-82.562500,PORTS,tb,,,,,,Mixed
True,False,SAPF1,,,,,,,,,,FL,EST,-5,True,False,,True,True,True,False,8726520,,27.761111,-82.626944,NWLON,tb,,,,,,Mixed
True,False,OPTF1,,,,,,,,,,FL,EST,-5,True,False,,True,False,True,False,8726607,Old Port Tampa,27.857800,-82.552803,PORTS,tb,,,,,,Mixed
True,False,EBEF1,,,,,,,,,,FL,EST,-5,True,False,,False,False,False,False,8726674,East Bay,27.923056,-82.421389,PORTS,,,,,,,Mixed
True,False,CWBF1,,,,,,,,,,FL,EST,-5,True,False,,True,True,True,False,8726724,Clearwater Beach,27.978333,-82.831667,NWLON,,,,,,,Mixed
True,False,CKYF1,,,,,,,,,,FL,EST,-5,True,False,,False,True,True,False,8727520,Cedar Key,29.135000,-83.031700,NWLON,,,,,,,Mixed
True,False,APCF1,,,,,,,,,,FL,EST,-5,True,False,,False,True,True,False,8728690,Apalachicola,29.724444,-84.980556,NWLON,,,,,,,Diurnal
True,False,PACF1,,,,,,,,,,FL,CST,-6,True,False,,True,True,True,False,8729108,Panama City,30.149722,-85.664444,NWLON,,,,,,,Diurnal
True,False,PCBF1,,,,,,,,,,FL,CST,-6,True,False,,False,True,True,False,8729210,Panama City Beach,30.213750,-85.878583,NWLON,,,,,,,Diurnal
True,False,PCLF1,,,,,,,,,,FL,CST,-6,True,False,,True,True,True,False,8729840,Pensacola,30.404400,-87.211197,NWLON,,,,,,,Diurnal
True,False,DILA1,,,,,,,,,,AL,CST,-6,True,False,,True,True,True,False,8735180,Dauphin Island,30.25,-88.075,NWLON,mb,,,,,,Diurnal
True,False,BYSA1,,,,,,,,,,AL,CST,-6,True,False,,True,False,True,False,8735391,Dog River Bridge,30.565278,-88.088056,PORTS,,,,,,,Diurnal
True,False,EFRA1,,,,,,,,,,AL,CST,-6,True,False,,True,False,True,False,8735523,East Fowl River Bridge,30.443701,-88.113899,PORTS,,,,,,,Diurnal
True,False,MCGA1,,,,,,,,,,AL,CST,-6,True,False,,True,False,True,False,8736897,Coast Guard Sector Mobile,30.649500,-88.058111,PORTS,mb,,,,,,Diurnal
True,False,OBLA1,,,,,,,,,,AL,CST,-6,True,False,,True,False,True,False,8737048,Mobile State Docks,30.70461,-88.03961,NWLON,mb,,,,,,Diurnal
True,False,CIKA1,,,,,,,,,,AL,CST,-6,True,False,,False,False,True,False,8737138,Chickasaw Creek,30.7819,-88.07361,PORTS,,,,,,,Diurnal
True,False,WFRA1,,,,,,,,,,AL,CST,-6,True,False,,True,False,True,False,8738043,West Fowl River Bridge,30.376600,-88.158600,PORTS,,,,,,,Diurnal
True,False,BLBA1,,,,,,,,,,AL,CST,-6,True,False,,True,False,True,False,8739803,Bayou La Batre Bridge,30.40625,-88.247806,PORTS,,,,,,,Diurnal
True,False,PNLM6,,,,,,,,,,MS,CST,-6,True,False,,True,False,True,False,8741533,Pascagoula NOAA Lab,30.367778,-88.563056,NWLON,ps,,,,,,Diurnal
True,False,WYCM6,,,,,,,,,,MS,CST,-6,True,False,,True,True,True,False,8747437,Bay Waveland Yacht Club,30.326342,-89.325800,NWLON,,,,,,,Diurnal
True,False,PILL1,,,,,,,,,,LA,CST,-6,True,False,,True,False,False,False,8760721,Pilottown,29.179306,-89.258833,PORTS,,,,,,,Diurnal
True,False,PSTL1,,,,,,,,,,LA,CST,-6,True,False,,False,False,True,False,8760922,,28.932222,-89.4075,NWLON,lm,,,,,,Diurnal
True,False,SHBL1,,,,,,,,,,LA,CST,-6,True,False,,True,False,True,False,8761305,Shell Beach,29.8683,-89.673,NWLON,,,,,,,Diurnal
True,False,GISL1,,,,,,,,,,LA,CST,-6,True,False,,True,True,True,False,8761724,Grand Isle,29.263333,-89.956667,NWLON,,,,,,,Diurnal
True,False,NWCL1,,,,,,,,,,LA,CST,-6,True,False,,True,False,True,False,8761927,New Canal Station,30.027222,-90.113333,NWLON,,,,,,,Diurnal
False,False,CARL1,,,,,,,,,,LA,CST,-6,True,False,,False,False,False,False,8761955,Carrollton,29.9329,-90.135472,PORTS,lm,,,,,,Diurnal
True,False,PTFL1,,,,,,,,,,LA,CST,-6,True,False,,True,False,True,False,8762075,,29.114167,-90.199167,PORTS,,,,,,,Diurnal
False,False,BYGL1,,,,,,,,,,LA,CST,-6,True,False,,False,False,False,False,8762482,,29.788611,-90.420278,,,,,,,,Diurnal
True,False,TESL1,,,,,,,,,,LA,CST,-6,True,False,,False,False,True,False,8764044,,29.667500,-91.237611,NWLON,,,,,,,Diurnal
True,False,AMRL1,,,,,,,,,,LA,CST,-6,True,False,,True,False,True,False,8764227,,29.449600,-91.338097,,,,,,,,Diurnal
True,False,EINL1,,,,,,,,,,LA,CST,-6,True,False,,True,False,False,False,8764314,,29.36750,-91.3839,PORTS,,,,,,,Diurnal
True,False,FRWL1,,,,,,,,,,LA,CST,-6,True,False,,True,False,True,False,8766072,Freshwater Canal Locks,29.551694,-92.305194,,,,,,,,Diurnal
True,False,LCLL1,,,,,,,,,,LA,CST,-6,True,False,,True,False,True,False,8767816,Lake Charles,30.223611,-93.221667,NWLON,lc,,,,,,Diurnal
True,False,BKTL1,,,,,,,,,,LA,CST,-6,True,False,,True,False,True,False,8767961,Bulk Terminal,30.190300,-93.300697,PORTS,lc,,,,,,Diurnal
True,False,CAPL1,,,,,,,,,,LA,CST,-6,True,False,,True,False,True,False,8768094,Calcasieu Pass,29.768167,-93.342889,,lc,,,,,,Diurnal
True,False,PORT2,,,,,,,,,,TX,CST,-6,True,False,,True,False,False,False,8770475,Port Arthur,29.866699,-93.930000,TCOON,,,,,,,Diurnal
True,False,RBBT2,,,,,,,,,,TX,CST,-6,True,False,,True,False,False,False,8770520,Rainbow Bridge,29.981194,-93.884694,,sn,,,,,,Diurnal
True,False,MGPT2,,,,,,,,,,TX,CST,-6,True,False,,True,True,True,False,8770613,,29.681667,-94.985,TCOON,hg,,,,,,Diurnal
True,False,NCHT2,,,,,,,,,,TX,CST,-6,True,False,,True,False,False,False,8770777,Manchester,29.726299,-95.265800,TCOON,,,,,,,Diurnal
True,False,HIST2,,,,,,,,,,TX,CST,-6,True,False,,True,False,False,False,8770808,High Island,29.59472,-94.39028,TCOON,,,,,,,Diurnal
True,False,TXPT2,,,,,,,,,,TX,CST,-6,True,False,,True,True,True,False,8770822,,29.689301,-93.841797,,,,,,,,Diurnal
True,False,RLOT2,,,,,,,,,,TX,CST,-6,True,False,,True,False,False,False,8770971,Rollover Pass,29.514999,-94.513298,TCOON,,,,,,,Diurnal
True,False,EPTT2,,,,,,,,,,TX,CST,-6,True,False,,True,True,True,False,8771013,,29.481306,-94.917253,TCOON,hg,,,,,,Diurnal
True,False,GNJT2,,,,,,,,,,TX,CST,-6,True,False,,True,False,True,False,8771341,,29.357461,-94.724725,NWLON,hg,,,,,,Diurnal
True,False,SFLT2,,,,,,,,,,TX,CST,-6,True,False,,True,False,False,False,8771367,Sabine Offshore Light,29.469000,-93.720001,,,,,,,,Mixed Diurnal
True,False,GTOT2,,,,,,,,,,TX,CST,-6,True,False,,True,True,True,False,8771450,Galveston Pier 21,29.310000,-94.793306,NWLORTS,hg,,,,,,Diurnal
True,False,GRRT2,,,,,,,,,,TX,CST,-6,True,False,,True,False,False,False,8771486,Galveston Railroad Bridge,29.302583,-94.897083,TCOON,,,,,,,Diurnal
True,False,LUIT2,,,,,,,,,,TX,CST,-6,True,False,,True,False,False,False,8771972,San Luis Pass,29.080556,-95.130833,TCOON,,,,,,,Diurnal
True,False,FPST2,,,,,,,,,,TX,CST,-6,True,False,,True,False,False,False,8772471,Freeport Harbor,28.935699,-95.294197,NWLON,,,,,,,Diurnal
True,False,SDRT2,,,,,,,,,,TX,CST,-6,True,False,,True,False,False,False,8773037,Seadrift,28.406900,-96.712402,TCOON,,,,,,,Diurnal
True,False,EMAT2,,,,,,,,,,TX,CST,-6,True,False,,True,False,False,False,8773146,Matagorda City,28.71000,-95.914,TCOON,,,,,,,Diurnal
True,False,VCAT2,,,,,,,,,,TX,CST,-6,True,False,,True,False,False,False,8773259,Port Lavaca,28.640600,-96.609802,TCOON,,,,,,,Diurnal
True,False,PCNT2,,,,,,,,,,TX,CST,-6,True,False,,True,False,False,False,8773701,Port O'Connor,28.451700,-96.388298,TCOON,,,,,,,Diurnal
True,False,MBET2,,,,,,,,,,TX,CST,-6,True,False,,True,False,False,False,8773767,,28.426901,-96.330101,NWLON,,,,,,,Diurnal
True,False,AWRT2,,,,,,,,,,TX,CST,-6,True,False,,True,False,False,False,8774230,Aransas Wildlife Refuge,28.228300,-96.794998,TCOON,,,,,,,Diurnal
True,False,RCPT2,,,,,,,,,,TX,CST,-6,True,False,,True,True,True,False,8774770,Rockport,28.021667,-97.046667,NWLON,,,,,,,Diurnal
True,False,LQAT2,,,,,,,,,,United States of America,CST,-6,True,False,,True,False,False,False,8775132,La Quinta Channel North,27.879167,-97.286111,PORTS,,,,,,,Diurnal
True,False,VTBT2,,,,,,,,,,TX,CST,-6,True,False,,False,False,False,False,8775222,Viola Turning Basin,27.846100,-97.520699,PORTS,,,,,,,Diurnal
True,False,RTAT2,,,,,,,,,,TX,CST,-6,True,False,,True,False,False,False,8775237,Port Aransas,27.839756,-97.072767,,,,,,,,Diurnal
True,False,ANPT2,,,,,,,,,,TX,CST,-6,True,False,,True,False,False,False,8775241,,27.836599,-97.039101,,,,,,,,Diurnal
True,False,NUET2,,,,,,,,,,TX,CST,-6,True,False,,True,False,False,False,8775244,Nueces Bay,27.832750,-97.485944,PORTS,,,,,,,Diurnal
True,False,MHBT2,,,,,,,,,,TX,CST,-6,True,False,,True,False,False,False,8775283,,27.818611,-97.208944,PORTS,,,,,,,Diurnal
True,False,TAQT2,,,,,,,,,,TX,CST,-6,True,False,,True,False,False,False,8775296,,27.811694,-97.39,TCOON,,,,,,,Diurnal
True,False,PACT2,,,,,,,,,,TX,CST,-6,True,False,,True,False,True,False,8775792,Packery Channel,27.633301,-97.236702,TCOON,,,,,,,Diurnal
False,False,IRDT2,,,,,,,,,,TX,CST,-6,True,False,,False,False,False,False,8776139,S. Bird Island,27.484361,-97.318111,TCOON,,,,,,,Diurnal
False,False,BABT2,,,,,,,,,,TX,CST,-6,True,False,,False,False,False,False,8776604,Baffin Bay,27.297000,-97.405167,TCOON,,,,,,,Diurnal
False,False,RSJT2,,,,,,,,,,TX,CST,-6,True,False,,False,False,False,False,8777812,Rincon Del San Jose,26.801194,-97.4706,TCOON,,,,,,,Diurnal
False,False,PMNT2,,,,,,,,,,TX,CST,-6,True,False,,False,False,False,False,8778490,Port Mansfield,26.557639,-97.425722,TCOON,,,,,,,Diurnal
True,False,RLIT2,,,,,,,,,,TX,CST,-6,True,False,,True,False,False,False,8779280,Realitos Peninsula,26.2625,-97.285278,TCOON,,,,,,,Diurnal
True,False,PCGT2,,,,,,,,,,TX,CST,-6,True,False,,True,False,False,False,8779748,South Padre Island CG Station,26.072472,-97.166861,TCOON,,,,,,,Diurnal
True,False,BZST2,,,,,,,,,,TX,CST,-6,True,False,,True,False,False,False,8779749,SPI Brazos Santiago,26.0675,-97.154722,,,,,,,,Diurnal
True,False,PTIT2,,,,,,,,,,TX,CST,-6,True,False,,True,True,True,False,8779770,Port Isabel,26.061167,-97.215528,NWLON,,,,,,,Diurnal
False,True,AGCM4,,,,,,,,,,MI,EST,-5,True,False,,False,False,False,False,9014070,Algonac,42.621113,-82.526665,NWLON,gl,,,,,,Great Lakes
False,True,SCRM4,,,,,,,,,,MI,EST,-5,True,False,,False,False,False,False,9014080,St. Clair State Police,42.812222,-82.485558,NWLON,gl,,,,,,Great Lakes
False,True,PHXM4,,,,,,,,,,MI,EST,-5,True,False,,False,False,False,False,9014087,Dry Dock,42.945278,-82.443333,NWLON,gl,,,,,,Great Lakes
False,True,MBRM4,,,,,,,,,,MI,EST,-5,True,False,,False,False,False,False,9014090,Mouth of the Black River,42.974724,-82.418892,NWLON,gl,,,,,,Great Lakes
False,True,PBWM4,,,,,,,,,,MI,EST,-5,True,False,,False,False,False,False,9014095,,43.002222,-82.422778,,,,,,,,Great Lakes
False,True,FTGM4,,,,,,,,,,MI,EST,-5,True,False,,True,False,False,False,9014098,Fort Gratiot,43.006900,-82.422500,NWLON,gl,,,,,,Great Lakes
False,True,SCSM4,,,,,,,,,,MI,EST,-5,True,False,,False,False,False,False,9034052,St Clair Shores,42.473222,-82.879250,NWLON,gl,,,,,,Great Lakes
False,True,GRTM4,,,,,,,,,,MI,EST,-5,True,False,,False,False,False,False,9044020,Gibraltar,42.090861,-83.186000,NWLON,gl,,,,,,Great Lakes
False,True,WDTM4,,,,,,,,,,MI,EST,-5,True,False,,False,False,False,False,9044030,Wyandotte,42.202306,-83.147500,NWLON,gl,,,,,,Great Lakes
False,True,FWNM4,,,,,,,,,,MI,EST,-5,True,False,,False,False,False,False,9044036,Fort Wayne,42.298914,-83.09263,NWLON,gl,,,,,,Great Lakes
False,True,WMPM4,,,,,,,,,,MI,EST,-5,True,False,,False,False,False,False,9044049,Windmill Point,42.357778,-82.929944,NWLON,gl,,,,,,Great Lakes
False,True,CAVN6,,,,,,,,,,NY,EST,-5,True,False,,True,False,False,False,9052000,Cape Vincent,44.130280,-76.332,NWLON,gl,,,,,,Great Lakes
False,True,OSGN6,,,,,,,,,,NY,EST,-5,True,False,,True,False,False,False,9052030,Oswego,43.46417,-76.51183,NWLON,gl,,,,,,Great Lakes
False,True,RCRN6,,,,,,,,,,NY,EST,-5,True,False,,True,False,False,False,9052058,Rochester,43.26903,-77.625750,NWLON,gl,,,,,,Great Lakes
False,True,OCTN6,,,,,,,,,,NY,EST,-5,True,False,,True,False,False,False,9052076,Olcott,43.33839,-78.7273,NWLON,gl,,,,,,Great Lakes
False,True,NGAN6,,,,,,,,,,NY,EST,-5,True,False,,False,False,False,False,9063007,Ashland Ave,43.10,-79.059917,NWLON,gl,,,,,,Great Lakes
False,True,AMFN6,,,,,,,,,,NY,EST,-5,True,False,,False,False,False,False,9063009,American Falls,43.08106,-79.061361,NWLON,gl,,,,,,Great Lakes
False,True,NIAN6,,,,,,,,,,NY,EST,-5,True,False,,False,False,False,False,9063012,Niagara Intake,43.076889,-79.014028,NWLON,gl,,,,,,Great Lakes
False,True,BUFN6,,,,,,,,,,NY,EST,-5,True,False,,True,False,False,False,9063020,Buffalo,42.877444,-78.890472,NWLON,gl,,,,,,Great Lakes
False,True,PSTN6,,,,,,,,,,NY,EST,-5,True,False,,True,False,False,False,9063028,Sturgeon Point,42.691306,-79.0473,NWLON,gl,,,,,,Great Lakes
False,True,EREP1,,,,,,,,,,PA,EST,-5,True,False,,True,False,False,False,9063038,,42.1539,-80.07583,NWLON,gl,,,,,,Great Lakes
False,True,FAIO1,,,,,,,,,,OH,EST,-5,True,False,,True,False,False,False,9063053,Fairport,41.75975,-81.28106,NWLON,gl,,,,,,Great Lakes
False,True,CNDO1,,,,,,,,,,OH,EST,-5,True,False,,True,False,False,False,9063063,Cleveland,41.54086,-81.635472,NWLON,gl,,,,,,Great Lakes
False,True,MRHO1,,,,,,,,,,OH,EST,-5,True,False,,True,False,False,False,9063079,Marblehead,41.54364,-82.73139,NWLON,gl,,,,,,Great Lakes
False,True,THRO1,,,,,,,,,,OH,EST,-5,True,False,,True,False,False,False,9063085,Toledo,41.69356,-83.47228,NWLON,gl,,,,,,Great Lakes
False,True,FPPM4,,,,,,,,,,MI,EST,-5,True,False,,True,False,False,False,9063090,Fermi Power Plant,41.960,-83.257,NWLON,gl,,,,,,Great Lakes
False,True,LKPM4,,,,,,,,,,MI,EST,-5,True,False,,True,False,False,False,9075002,Lakeport,43.140361,-82.493889,NWLON,gl,,,,,,Great Lakes
False,True,HRBM4,,,,,,,,,,MI,EST,-5,True,False,,True,False,False,False,9075014,Harbor Beach,43.846250,-82.643083,NWLON,gl,,,,,,Great Lakes
False,True,ESVM4,,,,,,,,,,MI,EST,-5,True,False,,True,False,False,False,9075035,Essexville,43.640997,-83.846350,NWLON,gl,,,,,,Great Lakes
False,True,LPNM4,,,,,,,,,,MI,EST,-5,True,False,,True,False,False,False,9075065,Alpena,45.063000,-83.428600,NWLON,gl,,,,,,Great Lakes
False,True,MACM4,,,,,,,,,,MI,EST,-5,True,False,,True,False,False,False,9075080,Mackinaw City,45.777222,-84.721107,NWLON,gl,,,,,,Great Lakes
False,True,DTLM4,,,,,,,,,,MI,EST,-5,True,False,,True,False,False,False,9075099,De Tour Village,45.992500,-83.898200,,sl,,,,,,Great Lakes
False,True,RCKM4,,,,,,,,,,MI,EST,-5,True,False,,False,False,False,False,9076024,Rock Cut,46.264294,-84.191178,,sl,,,,,,Great Lakes
False,True,WNEM4,,,,,,,,,,MI,EST,-5,True,False,,False,False,False,False,9076027,West Neebish Island,46.284667,-84.209806,NWLORTS,gl,,,,,,Great Lakes
False,True,LTRM4,,,,,,,,,,MI,EST,-5,True,False,,False,False,False,False,9076033,Little Rapids,46.485832,-84.301666,NWLORTS,sl,,,,,,Great Lakes
False,True,USSM4,,,,,,,,,,MI,EST,-5,True,False,,False,False,False,False,9076060,U.S. Slip,46.500805,-84.340363,PORTS,sl,,,,,,Great Lakes
False,True,SWPM4,,,,,,,,,,MI,EST,-5,True,False,,False,False,False,False,9076070,,46.501361,-84.372528,PORTS,sl,,,,,,Great Lakes
False,True,LDTM4,,,,,,,,,,MI,EST,-5,True,False,,True,False,False,False,9087023,Ludington,43.947361,-86.441500,NWLON,gl,,,,,,Great Lakes
False,True,HLNM4,,,,,,,,,,MI,EST,-5,True,False,,True,False,False,False,9087031,Holland,42.773333,-86.212778,NWLON,gl,,,,,,Great Lakes
False,True,CMTI2,,,,,,,,,,IL,CST,-6,True,False,,True,False,False,False,9087044,Calumet Harbor,41.729861,-87.538389,NWLON,gl,,,,,,Great Lakes
False,True,MLQW3,,,,,,,,,,WI,CST,-6,True,False,,True,False,False,False,9087057,Milwaukee,43.001972,-87.887639,NWLON,gl,,,,,,Great Lakes
False,True,KWNW3,,,,,,,,,,WI,CST,-6,True,False,,True,False,False,False,9087068,,44.463889,-87.511111,NWLON,gl,,,,,,Great Lakes
False,True,SBCW3,,,,,,,,,,WI,CST,-6,True,False,,True,False,False,False,9087072,Sturgeon Bay Canal,44.794694,-87.313917,NWLON,gl,,,,,,Great Lakes
False,True,GBWW3,,,,,,,,,,WI,CST,-6,True,False,,False,False,False,False,9087077,Green Bay East,44.539025,-88.001058,NWLON,,,,,,,Great Lakes
False,True,MNMM4,,,,,,,,,,MI,CST,-6,True,False,,False,False,False,False,9087088,Menominee,45.095889,-87.589944,NWLON,gl,,,,,,Great Lakes
False,True,PNLM4,,,,,,,,,,MI,EST,-5,True,False,,True,False,False,False,9087096,Port Inland,45.969889,-85.871500,NWLON,gl,,,,,,Great Lakes
False,True,PTIM4,,,,,,,,,,MI,EST,-5,True,False,,True,False,False,False,9099004,Point Iroquois,46.484575,-84.630869,,sl,,,,,,Great Lakes
False,True,MCGM4,,,,,,,,,,MI,EST,-5,True,False,,True,False,False,False,9099018,Marquette C.G.,46.545555,-87.378609,NWLON,gl,,,,,,Great Lakes
False,True,OGOM4,,,,,,,,,,MI,EST,-5,True,False,,True,False,False,False,9099044,Ontonagon,46.874443,-89.324165,NWLON,gl,,,,,,Great Lakes
False,True,DULM5,,,,,,,,,,MN,CST,-6,True,False,,True,False,False,False,9099064,Duluth,46.775750,-92.092028,NWLON,gl,,,,,,Great Lakes
False,True,GDMM5,,,,,,,,,,MN,CST,-6,True,False,,True,False,False,False,9099090,,47.7486,-90.34128,NWLON,gl,,,,,,Great Lakes
True,False,SDBC1,,,,,,,,,,CA,PST,-8,True,False,,False,True,True,False,9410170,San Diego,32.714199,-117.173599,NWLON,,,,,,,Mixed
True,False,LJAC1,,,,,,,,,,CA,PST,-8,True,False,,False,True,True,False,9410230,La Jolla,32.866889,-117.257139,NWLON,,,,,,,Mixed
True,False,OHBC1,,,,,,,,,,CA,PST,-8,True,False,,False,True,True,False,9410660,Los Angeles,33.72,-118.271944,NWLORTS,ll,,,,,,Mixed
True,False,ICAC1,,,,,,,,,,CA,PST,-8,True,False,,False,True,True,False,9410840,Santa Monica,34.008300,-118.500000,NWLON,,,,,,,Mixed
True,False,NTBC1,,,,,,,,,,CA,PST,-8,True,False,,False,False,False,False,9411340,Santa Barbara,34.404589,-119.692494,NWLON,,,,,,,Mixed
True,False,PSLC1,,,,,,,,,,CA,PST,-8,True,False,,False,True,True,False,9412110,Port San Luis,35.176701,-120.760002,NWLON,,,,,,,Mixed
True,False,MEYC1,,,,,,,,,,CA,PST,-8,True,False,,False,True,True,False,9413450,Monterey,36.608889,-121.891389,NWLON,,,,,,,Mixed
True,False,FTPC1,,,,,,,,,,CA,PST,-8,True,False,,True,True,True,False,9414290,San Francisco,37.806306,-122.465889,NWLORTS,sf,,,,,,Mixed
True,False,RTYC1,,,,,,,,,,CA,PST,-8,True,False,,True,False,False,False,9414523,Redwood City,37.506814,-122.211906,PORTS,sf,,,,,,Mixed
True,False,AAMC1,,,,,,,,,,CA,PST,-8,True,False,,True,True,True,False,9414750,Alameda,37.771953,-122.300261,NWLORTS,sf,,,,,,Mixed
True,False,RCMC1,,,,,,,,,,CA,PST,-8,True,False,,True,False,False,False,9414863,Richmond,37.928299,-122.400002,PORTS,sf,,,,,,Mixed
True,False,PRYC1,,,,,,,,,,CA,PST,-8,True,False,,True,True,True,False,9415020,Point Reyes,37.994167,-122.973611,NWLON,,,,,,,Mixed
True,False,MZXC1,,,,,,,,,,CA,PST,-8,True,False,,True,False,False,False,9415102,Martinez-Amorco Pier,38.034639,-122.125194,PORTS,sf,,,,,,Mixed
True,False,PCOC1,,,,,,,,,,CA,PST,-8,True,False,,True,True,True,False,9415144,Port Chicago,38.056,-122.0395,NWLORTS,sf,,,,,,Mixed
True,False,ANVC1,,,,,,,,,,CA,PST,-8,True,False,,False,True,True,False,9416841,Arena Cove,38.914556,-123.711083,NWLON,,,,,,,Mixed
True,False,HBYC1,,,,,,,,,,CA,PST,-8,True,False,,False,True,True,False,9418767,North Spit,40.76691,-124.21734,NWLON,hb,,,,,,Mixed
True,False,CECC1,,,,,,,,,,CA,PST,-8,True,False,,False,False,True,False,9419750,Crescent City,41.74561,-124.18439,NWLON,,,,,,,Mixed
True,False,PORO3,,,,,,,,,,OR,PST,-8,True,False,,False,True,True,False,9431647,Port Orford,42.738972,-124.49828,NWLON,,,,,,,Mixed
True,False,CHAO3,,,,,,,,,,OR,PST,-8,True,False,,False,True,True,False,9432780,Charleston,43.34500,-124.32200,NWLON,,,,,,,Mixed
True,False,SBEO3,,,,,,,,,,OR,PST,-8,True,False,,False,True,True,False,9435380,South Beach,44.6254,-124.04494,NWLON,,,,,,,Mixed
True,False,TLBO3,,,,,,,,,,OR,PST,-8,True,False,,False,False,False,False,9437540,Garibaldi,45.55453,-123.91894,NWLON,,,,,,,Mixed
True,False,ASTO3,,,,,,,,,,OR,PST,-8,True,False,,False,False,True,False,9439040,Astoria,46.207306,-123.768306,NWLON,cr,,,,,,Mixed
True,False,WAUO3,,,,,,,,,,OR,PST,-8,True,False,,True,False,False,False,9439099,Wauna,46.160000,-123.404999,,cr,,,,,,Mixed
True,False,SHNO3,,,,,,,,,,OR,PST,-8,True,False,,True,False,False,False,9439201,St Helens,45.865002,-122.796997,,cr,,,,,,Mixed
True,False,VAPW1,,,,,,,,,,WA,PST,-8,True,False,,True,False,False,False,9440083,Vancouver,45.631172,-122.695772,PORTS,cr,,,,,,Mixed
True,False,LOPW1,,,,,,,,,,WA,PST,-8,True,False,,True,False,False,False,9440422,Longview,46.106139,-122.954194,,cr,,,,,,Mixed
True,False,SKAW1,,,,,,,,,,WA,PST,-8,True,False,,False,False,False,False,9440569,Skamokawa,46.270306,-123.4565,,cr,,,,,,Mixed
True,False,CPTW1,,,,,,,,,,WA,PST,-8,True,False,,False,False,False,False,9440581,Cape Disappointment,46.281028,-124.046278,PORTS,,,,,,,Mixed
True,False,TOKW1,,,,,,,,,,WA,PST,-8,True,False,,False,True,True,False,9440910,Toke Point,46.7075,-123.966944,NWLON,,,,,,,Mixed
True,False,WPTW1,,,,,,,,,,WA,PST,-8,True,False,,False,False,False,False,9441102,Westport,46.90431,-124.105083,NWLON,,,,,,,Mixed
True,False,LAPW1,,,,,,,,,,WA,PST,-8,True,False,,False,False,False,False,9442396,,47.91284,-124.63574,NWLON,,,,,,,Mixed
True,False,NEAW1,,,,,,,,,,WA,PST,-8,True,False,,False,False,True,False,9443090,Neah Bay,48.370722,-124.601589,NWLON,,,,,,,Mixed
True,False,PTAW1,,,,,,,,,,WA,PST,-8,True,False,,False,True,True,False,9444090,Port Angeles,48.125000,-123.440002,NWLON,,,,,,,Mixed
True,False,PTWW1,,,,,,,,,,WA,PST,-8,True,False,,False,True,True,False,9444900,Port Townsend,48.11122,-122.75968,NWLON,,,,,,,Mixed
True,False,BMTW1,,,,,,,,,,WA,PST,-8,True,False,,False,False,False,False,9445958,Bremerton,47.561699,-122.623001,PORTS,,,,,,,Mixed
True,False,TCNW1,,,,,,,,,,WA,PST,-8,True,False,,False,False,False,False,9446484,Tacoma,47.27,-122.413,,ta,,,,,,Mixed
True,False,EBSW1,,,,,,,,,,WA,PST,-8,True,False,,False,True,True,False,9447130,Seattle,47.601944,-122.339167,NWLON,,,,,,,Mixed
True,False,CHYW1,,,,,,,,,,WA,PST,-8,True,False,,False,True,True,False,9449424,Cherry Point,48.862717,-122.758583,NWLON,cp,,,,,,Mixed
True,False,FRDW1,,,,,,,,,,WA,PST,-8,True,False,,False,True,True,False,9449880,Friday Harbor,48.545278,-123.012500,NWLON,,,,,,,Mixed
True,False,KECA2,,,,,,,,,,AK,AKST,-9,True,False,,False,False,True,False,9450460,Ketchikan,55.331944,-131.626111,NWLON,,,,,,,Mixed
True,False,PLXA2,,,,,,,,,,AK,AKST,-9,True,False,,False,False,False,False,9451054,Port Alexander,56.24661,-134.64772,NWLON,,,,,,,Mixed
True,False,ITKA2,,,,,,,,,,AK,AKST,-9,True,False,,False,False,True,False,9451600,Sitka,57.051308,-135.343486,NWLON,,,,,,,Mixed
True,False,JNEA2,,,,,,,,,,AK,AKST,-9,True,False,,False,False,True,False,9452210,Juneau,58.298800,-134.410600,NWLON,,,,,,,Mixed
True,False,SKTA2,,,,,,,,,,AK,AKST,-9,True,False,,False,False,True,False,9452400,,59.450800,-135.32800,NWLON,,,,,,,Mixed
True,False,ELFA2,,,,,,,,,,AK,AKST,-9,True,False,,False,False,False,False,9452634,Elfin Cove,58.19472,-136.34694,NWLON,,,,,,,Mixed
True,False,YATA2,,,,,,,,,,AK,AKST,-9,True,False,,False,False,True,False,9453220,,59.548333,-139.733056,NWLON,,,,,,,Mixed
True,False,CRVA2,,,,,,,,,,AK,AKST,-9,True,False,,False,False,True,False,9454050,Cordova,60.557500,-145.755408,NWLON,,,,,,,Mixed
True,False,VDZA2,,,,,,,,,,AK,AKST,-9,True,False,,False,False,True,False,9454240,Valdez,61.125000,-146.3620,NWLON,,,,,,,Mixed
True,False,SWLA2,,,,,,,,,,AK,AKST,-9,True,False,,False,False,True,False,9455090,Seward,60.119300,-149.428108,NWLON,,,,,,,Mixed
True,False,OVIA2,,,,,,,,,,AK,AKST,-9,True,False,,True,False,True,False,9455500,Seldovia,59.440498,-151.719894,NWLON,,,,,,,Mixed
True,False,NKTA2,,,,,,,,,,AK,AKST,-9,True,False,,True,False,True,False,9455760,Nikiski,60.683333,-151.398056,NWLON,ak,,,,,,Mixed
True,False,ANTA2,,,,,,,,,,AK,AKST,-9,True,False,,True,False,True,False,9455920,Anchorage,61.237500,-149.890389,NWLON,ak,,,,,,Mixed
True,False,KDAA2,,,,,,,,,,AK,AKST,-9,True,False,,False,False,True,False,9457292,Kodiak Island,57.730278,-152.513889,NWLON,,,,,,,Mixed
True,False,ALIA2,,,,,,,,,,AK,AKST,-9,True,False,,True,False,False,False,9457804,Alitak,56.89739,-154.248,NWLON,,,,,,,Mixed
True,False,SNDA2,,,,,,,,,,AK,AKST,-9,True,False,,False,False,True,False,9459450,Sand Point,55.33172,-160.5043,NWLON,,,,,,,Mixed
True,False,KGCA2,,,,,,,,,,AK,AKST,-9,True,False,,False,False,False,False,9459881,King Cove,55.059889,-162.326111,NWLON,,,,,,,Mixed
True,False,ADKA2,,,,,,,,,,AK,HAST,-10,True,False,,False,False,True,False,9461380,Adak Island,51.860639,-176.637583,NWLON,,,,,,,Diurnal
True,False,ATKA2,,,,,,,,,,AK,HAST,-10,True,False,,False,False,False,False,9461710,Atka,52.23194,-174.1725,NWLON,,,,,,,Diurnal
True,False,OLSA2,,,,,,,,,,AK,HAST,-10,True,False,,False,False,False,False,9462450,Nikolski,52.940610,-168.871306,NWLON,,,,,,,Mixed Diurnal
True,False,UNLA2,,,,,,,,,,AK,AKST,-9,True,False,,False,False,True,False,9462620,Unalaska,53.879194,-166.540306,NWLON,,,,,,,Mixed Diurnal
True,False,PMOA2,,,,,,,,,,AK,AKST,-9,True,False,,False,False,True,False,9463502,Port Moller,55.985833,-160.573611,NWLON,,,,,,,Mixed
True,False,VCVA2,,,,,,,,,,AK,AKST,-9,True,False,,False,False,False,False,9464212,,57.125278,-170.285278,NWLON,,,,,,,Mixed Diurnal
True,False,ULRA2,,,,,,,,,,AK,AKST,-9,True,False,,False,False,False,False,9468333,Unalakleet,63.871361,-160.7843,,,,,,,,Diurnal
True,False,NMTA2,,,,,,,,,,AK,AKST,-9,True,False,,False,False,True,False,9468756,,64.494611,-165.439639,NWLON,,,,,,,Mixed
True,False,RDDA2,,,,,,,,,,AK,AKST,-9,True,False,,False,False,False,False,9491094,Red Dog Dock,67.575806,-164.064389,,,,,,,,Mixed
True,False,PRDA2,,,,,,,,,,AK,AKST,-9,True,False,,False,False,True,False,9497645,Prudhoe Bay,70.411389,-148.531667,NWLON,,,,,,,Mixed
True,False,CHSV3,,,,,,,,,,VI,AST,-4,False,False,,False,False,False,False,9751364,,17.747694,-64.69839,NWLON,,,,,,,Diurnal
True,False,LAMV3,,,,,,,,,,VI,AST,-4,False,False,,False,False,False,False,9751381,,18.31825,-64.7242,NWLON,,,,,,,Diurnal
True,False,LTBV3,,,,,,,,,,VI,AST,-4,False,False,,False,True,True,False,9751401,Lime Tree Bay,17.694700,-64.753799,NWLON,,,,,,,Diurnal
True,False,CHAV3,,,,,,,,,,VI,AST,-4,False,False,,False,True,True,False,9751639,Charlotte Amalie,18.330583,-64.925806,NWLON,,,,,,,Diurnal
True,False,CLBP4,,,,,,,,,,PR,AST,-4,False,False,,False,False,False,False,9752235,Culebra,18.300861,-65.302472,NWLON,,,,,,,Mixed
True,False,VQSP4,,,,,,,,,,PR,AST,-4,False,False,,False,False,False,True,9752619,,18.1525,-65.443889,COASTAL,,,,,,,Mixed
False,False,VQSP4,,,,,,,,,,PR,AST,-4,True,False,,False,False,False,True,9752621,,18.152528,-65.443806,,,,,,,,Mixed
True,False,ESPP4,,,,,,,,,,PR,AST,-4,False,False,,False,False,False,False,9752695,,18.093861,-65.471361,NWLON,,,,,,,Diurnal
True,False,FRDP4,,,,,,,,,,PR,AST,-4,False,False,,False,False,False,True,9753216,Fajardo,18.335278,-65.631111,COASTAL,,,,,,,Mixed
False,False,YABP4,,,,,,,,,,PR,AST,-4,True,False,,False,False,False,True,9754229,Yabucoa Harbor,18.055083,-65.833000,,,,,,,,Mixed
True,False,SJNP4,,,,,,,,,,PR,AST,-4,False,False,,False,True,True,False,9755371,,18.458944,-66.116417,NWLON,,,,,,,Mixed
False,False,,,,,,,,,,,PR,AST,-4,True,False,,False,False,False,True,9755968,,17.949083,-66.225944,,,,,,,,
False,False,AROP4,,,,,,,,,,PR,AST,-4,True,False,,False,False,False,True,9757811,Arecibo,18.480528,-66.702361,,,,,,,,Mixed
False,False,,,,,,,,,,,PR,AST,-4,True,False,,False,False,False,True,9758066,,18.005861,-66.766611,,,,,,,,
True,False,MGIP4,,,,,,,,,,PR,AST,-4,False,False,,False,True,True,False,9759110,Magueyes Island,17.9701,-67.04639,NWLON,,,,,,,Diurnal
True,False,MGZP4,,,,,,,,,,PR,AST,-4,False,False,,False,False,False,False,9759394,Mayaguez,18.218833,-67.162444,,,,,,,,Mixed
True,False,MISP4,,,,,,,,,,PR,AST,-4,False,False,,False,False,False,False,9759938,Mona Island,18.089289,-67.938208,NWLON,,,,,,,Diurnal
